{
  "artifact_name": "churn_pipeline.joblib",
  "created_at_utc": "2026-04-18T20:11:57.788380+00:00",
  "estimator_name": "logistic_regression",
  "target_column": "Churn Value",
  "test_size": 0.2,
  "random_state": 42,
  "n_train_rows": 5634,
  "n_test_rows": 1409,
  "n_features_input": 1162,
  "metrics": {
    "accuracy": 0.7111426543647977,
    "precision": 0.46511627906976744,
    "recall": 0.5882352941176471,
    "f1": 0.5194805194805194,
    "roc_auc": 0.7367950605802269
  }
}